[
{
  "model": "sessions.session",
  "pk": "elgcs7musgg38sl6pqroo0mbbiex2blq",
  "fields": {
    "session_data": ".eJxVjMsOgjAQRf-la9MUKNPWpXu_gcyjY1EDCYWV8d-VhIVu7znnvsyA21qGreZlGMWcTTCn342QH3nagdxxus2W52ldRrK7Yg9a7XWW_Lwc7t9BwVq-NQQgRY8KXQbwhNBQzsLgu4adS9ph4shOXOr7NmijMUaSpOBbYSXz_gD-jzil:1oyee9:JgXDgHPH1R8yHA4pEWZMfFvyHewrWXcsmgFWIekmwOc",
    "expire_date": "2022-12-09T19:46:01.679Z"
  }
},
{
  "model": "sessions.session",
  "pk": "k6djoumjjwulvu5dnhepqt6qbsmjjmir",
  "fields": {
    "session_data": ".eJxVjMsOgjAQRf-la9MUKNPWpXu_gcyjY1EDCYWV8d-VhIVu7znnvsyA21qGreZlGMWcTTCn342QH3nagdxxus2W52ldRrK7Yg9a7XWW_Lwc7t9BwVq-NQQgRY8KXQbwhNBQzsLgu4adS9ph4shOXOr7NmijMUaSpOBbYSXz_gD-jzil:1oydsd:LL17iPhV5mk3QYyA-sR7K-PsOueuIYdHMM-ZpXk2wVE",
    "expire_date": "2022-12-09T18:56:55.141Z"
  }
},
{
  "model": "sessions.session",
  "pk": "qbwk6ix0b3z6tfv5qtob5zfzrsm88i6d",
  "fields": {
    "session_data": ".eJxVjDsOwjAQBe_iGln-rTempOcM1trr4ABypDipEHeHSCmgfTPzXiLStta49bLEicVZWHH63RLlR2k74Du12yzz3NZlSnJX5EG7vM5cnpfD_Tuo1Ou31jaAchkQE7IiBewdjoERgbQ3LhQViEZDJiSyUAAGh6F4yzh4o1G8P77hNss:1oydsI:9FWwuTE_4bnVVZQAnjdk4Sd1761uF-407CbpDPr5-Zw",
    "expire_date": "2022-12-09T18:56:34.823Z"
  }
},
{
  "model": "sessions.session",
  "pk": "y594ornhyj0t3tfsgshfy9ues9wsw5t8",
  "fields": {
    "session_data": ".eJxVjMsOgjAQRf-la9MUKNPWpXu_gcyjY1EDCYWV8d-VhIVu7znnvsyA21qGreZlGMWcTTCn342QH3nagdxxus2W52ldRrK7Yg9a7XWW_Lwc7t9BwVq-NQQgRY8KXQbwhNBQzsLgu4adS9ph4shOXOr7NmijMUaSpOBbYSXz_gD-jzil:1oycgx:XAzee1_tfKkE2yT9F92dPYthQ-ldYeYC2e4VImId8iY",
    "expire_date": "2022-12-09T17:40:47.729Z"
  }
},
{
  "model": "accounts.role",
  "pk": 1,
  "fields": {
    "name": "работодатель"
  }
},
{
  "model": "accounts.role",
  "pk": 2,
  "fields": {
    "name": "соискатель"
  }
},
{
  "model": "accounts.account",
  "fields": {
    "password": "pbkdf2_sha256$390000$JryFQwX6rdH43NdiDo6tKk$Fpw0tgNwhNuGRJd8diVdshy8wFg62+Ej5X7KqTFdgdg=",
    "last_login": "2022-11-25T16:40:02.378Z",
    "is_superuser": true,
    "username": "root",
    "first_name": "",
    "last_name": "",
    "is_staff": true,
    "is_active": true,
    "date_joined": "2022-11-25T16:33:32.151Z",
    "name": "",
    "role": null,
    "phone": "",
    "photo": "",
    "birthday": null,
    "telegram": null,
    "facebook": null,
    "linkedin": null,
    "email": "hhh@mail.ru",
    "sex": null,
    "description": null,
    "groups": [],
    "user_permissions": []
  }
},
{
  "model": "accounts.account",
  "fields": {
    "password": "pbkdf2_sha256$390000$k70BEubqLVSb2yYJrEotY7$T4FUPtkT5w+JVsSYjED1Zu1rN5NtzpWUWU4D6iBXYXM=",
    "last_login": "2022-11-25T16:37:02.425Z",
    "is_superuser": false,
    "username": "demetra",
    "first_name": "",
    "last_name": "",
    "is_staff": false,
    "is_active": true,
    "date_joined": "2022-11-25T16:37:01.837Z",
    "name": "ИП Агентство недвижимости ДЕМЕТРА",
    "role": 1,
    "phone": "+77771231212",
    "photo": "photo/3616260.jpeg",
    "birthday": null,
    "telegram": null,
    "facebook": null,
    "linkedin": null,
    "email": "demetra@mail.ru",
    "sex": null,
    "description": "Агентство недвижимости «DEMETRA» ищет смелых и энергичных парней и девушек в свою дружную, молодую команду.\r\n\r\nМы вас научим премудростям для успешной продажи недвижимости.\r\n\r\nМы гарантируем результат от  500 000 тенге в месяц, наши эксперты помогут осуществить первые 2 сделки.\r\n\r\nГлавная наша ценность это – Люди.\r\n\r\nПриходи остальному научим!",
    "groups": [],
    "user_permissions": []
  }
},
{
  "model": "accounts.account",
  "fields": {
    "password": "pbkdf2_sha256$390000$0n120edrpzk8bbShNBcwZR$0qoSa6E+rlufI7KgLeCqWLLgwVkfLQXqeGD+bChsS6o=",
    "last_login": "2022-11-25T19:30:26.767Z",
    "is_superuser": false,
    "username": "user_1",
    "first_name": "",
    "last_name": "",
    "is_staff": false,
    "is_active": true,
    "date_joined": "2022-11-25T16:43:52.490Z",
    "name": "Максим Максимыч",
    "role": 2,
    "phone": "+7(777)556-74-1",
    "photo": "photo/logo.png",
    "birthday": null,
    "telegram": null,
    "facebook": "MyFacebook",
    "linkedin": "MyLinkedin",
    "email": "json@mail.ru",
    "sex": "M",
    "description": "",
    "groups": [],
    "user_permissions": []
  }
},
{
  "model": "accounts.account",
  "fields": {
    "password": "pbkdf2_sha256$390000$KZH1K0WLiaXhi5lNdplxMd$uDsGvBMWIp+jMPZpFN/VxYZ+v1fg2MC2WHbdPcVXtiM=",
    "last_login": "2022-11-25T16:49:13.421Z",
    "is_superuser": false,
    "username": "sulpak",
    "first_name": "",
    "last_name": "",
    "is_staff": false,
    "is_active": true,
    "date_joined": "2022-11-25T16:49:13.124Z",
    "name": "Компания «Sulpak»",
    "role": 1,
    "phone": "+77771234578",
    "photo": "photo/127828.png",
    "birthday": null,
    "telegram": null,
    "facebook": null,
    "linkedin": null,
    "email": "sulpak@mail.ru",
    "sex": null,
    "description": "Sulpak — это больше, чем работа.\r\nSulpak — это большая команда профессионалов.\r\nSulpak — это огромная семья.",
    "groups": [],
    "user_permissions": []
  }
},
{
  "model": "accounts.account",
  "fields": {
    "password": "pbkdf2_sha256$390000$Lg3rzws8cEGQHXma1SW1Bp$rvWYTTN/TdMSyfwaK02TxXDkLBJofK9oatGGNXJLp+A=",
    "last_login": "2022-11-25T17:04:20.903Z",
    "is_superuser": false,
    "username": "sdek",
    "first_name": "",
    "last_name": "",
    "is_staff": false,
    "is_active": true,
    "date_joined": "2022-11-25T17:04:20.497Z",
    "name": "ТОО СДЭК Экспресс Алматы",
    "role": 1,
    "phone": "+77011234578",
    "photo": "photo/4231917.jpeg",
    "birthday": null,
    "telegram": null,
    "facebook": null,
    "linkedin": null,
    "email": "sdek@mail.ru",
    "sex": null,
    "description": "Компания СДЭК Экспресс Алматы входит в группу компаний СДЭК,  которая успешно работает на рынке курьерских услуг и логистики с 2000 года!\r\n\r\nДоставка грузов и документов осуществляется более чем в 2000 городов по всему миру. Более 100 подразделений и представительств в городах России, Казахстана и прочих стран. Только надежные перевозчики становятся нашими партнёрами. Чтобы обеспечить скорость доставки, мы комбинируем различные виды перевозок и отслеживаем местонахождение груза на всех этапах транспортировки.",
    "groups": [],
    "user_permissions": []
  }
},
{
  "model": "accounts.account",
  "fields": {
    "password": "pbkdf2_sha256$390000$6CSyNyFBfDsOkYxLZRgqdh$sZlOsTaddoYPaxDAbPMgR2jmVN1uOOEfKiaQ92jfJBs=",
    "last_login": "2022-11-25T17:25:38.003Z",
    "is_superuser": false,
    "username": "amperel",
    "first_name": "",
    "last_name": "",
    "is_staff": false,
    "is_active": true,
    "date_joined": "2022-11-25T17:25:37.563Z",
    "name": "«Амперэль»",
    "role": 1,
    "phone": "+77751234578",
    "photo": "photo/Untitled.png",
    "birthday": null,
    "telegram": null,
    "facebook": null,
    "linkedin": null,
    "email": "amperel@mail.ru",
    "sex": null,
    "description": "«Амперэль» - интегратор инженерных систем с 2009 года.\r\nМы уделяем самое пристальное внимание личностным качествам членов нашей команды. Обеспечивая постоянный процесс обучения, мы развиваем творческий и интеллектуальный потенциал каждого из них. Каждый член нашей команды – не просто сотрудник, это - единомышленник. Если вы неравнодушный и активный человек, принимающий ответственность за результат и желающий работать в атмосфере сотрудничества и постоянного развития, то мы ждем вас.",
    "groups": [],
    "user_permissions": []
  }
},
{
  "model": "accounts.account",
  "fields": {
    "password": "pbkdf2_sha256$390000$LrQSRPsNZ1Frd6bMqrv7Jx$yn+qmFa/ymIE/iE+F+G3wS4xvZpbOHgL3LvlFXs1DCU=",
    "last_login": "2022-11-25T19:46:01.674Z",
    "is_superuser": false,
    "username": "rbk",
    "first_name": "",
    "last_name": "",
    "is_staff": false,
    "is_active": true,
    "date_joined": "2022-11-25T17:40:47.385Z",
    "name": "Bank RBK",
    "role": 1,
    "phone": "+77015487545",
    "photo": "photo/Без_названия.png",
    "birthday": null,
    "telegram": null,
    "facebook": null,
    "linkedin": null,
    "email": "rbk@mail.ru",
    "sex": null,
    "description": "«Bank RBK» — казахстанский розничный банк. Головной офис находится в Алматы. По состоянию на 30 июня 2018 года имеет 10 региональных филиалов.",
    "groups": [],
    "user_permissions": []
  }
},
{
  "model": "accounts.account",
  "fields": {
    "password": "pbkdf2_sha256$390000$4oG47trehvs7nReZMNPHr6$sP/TRmPuJb+xETBpw0BrlUoVsAwggL/tdkBBy63akJc=",
    "last_login": "2022-11-25T18:28:19.069Z",
    "is_superuser": false,
    "username": "petrov",
    "first_name": "",
    "last_name": "",
    "is_staff": false,
    "is_active": true,
    "date_joined": "2022-11-25T18:28:17.745Z",
    "name": "Алексей Петров",
    "role": 2,
    "phone": "+77002583695",
    "photo": "photo/Без_названия.jfif",
    "birthday": null,
    "telegram": null,
    "facebook": null,
    "linkedin": null,
    "email": "petrov@mail.ru",
    "sex": null,
    "description": null,
    "groups": [],
    "user_permissions": []
  }
},
{
  "model": "accounts.account",
  "fields": {
    "password": "pbkdf2_sha256$390000$ONMxk3ylHXJLai0Ie9LfYZ$FLBxWiVokHHS/iCjcI0Td4lWp1I4CYc3ma6Z7A8SRI8=",
    "last_login": "2022-11-25T19:35:11.178Z",
    "is_superuser": false,
    "username": "user11",
    "first_name": "",
    "last_name": "",
    "is_staff": false,
    "is_active": true,
    "date_joined": "2022-11-25T19:35:10.772Z",
    "name": "Степан Пушной",
    "role": 2,
    "phone": "+7(775)567-41-84",
    "photo": "photo/Без_названия.jpg",
    "birthday": null,
    "telegram": "MyTelergram",
    "facebook": "MyFacebook",
    "linkedin": "MyLinkedin",
    "email": "qqq@mail.ru",
    "sex": "M",
    "description": "Финансы и кредит, экономист-финансист; Информатика, информатик; Государственное и местное управление, магистр Государственное и местное управления; Международные отношения, магистр гуманитарных наук.",
    "groups": [],
    "user_permissions": []
  }
},
{
  "model": "main.vacancycategory",
  "pk": 1,
  "fields": {
    "name": "продажи"
  }
},
{
  "model": "main.vacancycategory",
  "pk": 2,
  "fields": {
    "name": "другое"
  }
},
{
  "model": "main.vacancycategory",
  "pk": 3,
  "fields": {
    "name": "программирование"
  }
},
{
  "model": "main.vacancycategory",
  "pk": 4,
  "fields": {
    "name": "доставка"
  }
},
{
  "model": "main.vacancycategory",
  "pk": 5,
  "fields": {
    "name": "клининг"
  }
},
{
  "model": "main.vacancycategory",
  "pk": 6,
  "fields": {
    "name": "общепит"
  }
},
{
  "model": "main.vacancycategory",
  "pk": 7,
  "fields": {
    "name": "строительство"
  }
},
{
  "model": "main.vacancycategory",
  "pk": 8,
  "fields": {
    "name": "банковская сфера"
  }
},
{
  "model": "main.vacancycategory",
  "pk": 9,
  "fields": {
    "name": "связь"
  }
},
{
  "model": "main.resume",
  "pk": 1,
  "fields": {
    "name": "Продавец автомашин",
    "vacancy_category": 1,
    "salary": 500000,
    "author": [
      "user_1"
    ],
    "updated_at": "2022-11-25T17:28:11.477Z",
    "is_public": true
  }
},
{
  "model": "main.resume",
  "pk": 2,
  "fields": {
    "name": "Продавец мороженного",
    "vacancy_category": 1,
    "salary": 1000000,
    "author": [
      "user_1"
    ],
    "updated_at": "2022-11-25T19:32:43.727Z",
    "is_public": true
  }
},
{
  "model": "main.resume",
  "pk": 4,
  "fields": {
    "name": "Повар",
    "vacancy_category": 6,
    "salary": 500000,
    "author": [
      "petrov"
    ],
    "updated_at": "2022-11-25T18:45:30.644Z",
    "is_public": true
  }
},
{
  "model": "main.resume",
  "pk": 5,
  "fields": {
    "name": "Менеджер",
    "vacancy_category": 1,
    "salary": 250000,
    "author": [
      "user11"
    ],
    "updated_at": "2022-11-25T19:36:45.550Z",
    "is_public": true
  }
},
{
  "model": "main.experience",
  "pk": 1,
  "fields": {
    "begin_at": "2019-12-02",
    "end_at": "2021-12-15",
    "company": "ТОО \"Автопродажа\"",
    "position": "менеджер по продажам автомобилей",
    "duties": "Работа с клиентами",
    "resume": 1
  }
},
{
  "model": "main.experience",
  "pk": 2,
  "fields": {
    "begin_at": "2021-10-04",
    "end_at": "2021-05-19",
    "company": "ТОО \"Рога и копыта\"",
    "position": "Продавец",
    "duties": "Работал не покладая рук",
    "resume": 2
  }
},
{
  "model": "main.education",
  "pk": 1,
  "fields": {
    "begin_at": "2020-02-03",
    "end_at": "2021-12-15",
    "description": "Учеба в университете",
    "resume": 1
  }
},
{
  "model": "main.education",
  "pk": 2,
  "fields": {
    "begin_at": "2020-02-03",
    "end_at": "2021-12-15",
    "description": "Учился не покладая рук",
    "resume": 2
  }
},
{
  "model": "main.education",
  "pk": 3,
  "fields": {
    "begin_at": "2020-02-03",
    "end_at": "2021-08-25",
    "description": "2000 г., Институт «Темирказык»; 2005 г., Жетысуский государственный университет имени И.Жансугурова; 2012 г., Академия государственного управления при Президенте Республики Казахстан; 2017г., Лондонский Университет Брунеля, Великобритания",
    "resume": 5
  }
},
{
  "model": "main.vacancy",
  "pk": 1,
  "fields": {
    "name": "Менеджер по продажам - Специалист по недвижимости",
    "salary": 500000,
    "description": "Агентство Недвижимости «DЕМЕTRА» - это профессиональная команда специалистов работающая на рынке недвижимости 15 лет.\r\n\r\nВ связи с активным ростом компании, создаём новую команду и ищем амбициозных и перспективных сотрудников, нам не важен опыт работы, но важен огонь в глазах и желание развиваться вместе с компанией.\r\n\r\nСфера недвижимости - одна из самых стабильных и востребованных на рынке, независимо от экономической ситуации в стране.\r\n\r\nМожно без опыта - всему научим, поможем вырасти до классного специалиста, прокачать свои личностные характеристики и профессиональные навыки.\r\n\r\nВАМ ПРЕДСТОИТ:\r\n\r\nРаботать в стабильной компании на перспективном рынке;\r\nБыть частью дружного коллектива;\r\nРазвиваться как личность и как профессионал;\r\nВоплощать свои мечты в реальность.\r\nАнализ рынка и объектов недвижимости;\r\nПодбор объектов недвижимости для клиента, предварительная оценка недвижимости;\r\nПривлечение новых клиентов и поддержание долгосрочных профессиональных отношений с клиентами и партнерами;\r\nКоммуникация с другими специалистами, необходимыми для совершения качественной сделки: нотариус, юрист, ипотечный брокер;\r\nПомощь в проверке сделки на юридическую чистоту.\r\nТребования:\r\n\r\nГотовность работать на результат;\r\nВозраст от 25 лет и высшее,\r\nСпособность найти подход к каждому клиенту, отличные коммуникативные навыки;\r\nЖелание учиться новому и развиваться;\r\nПозитивный взгляд на жизнь и любовь к людям обязательны.\r\nУСЛОВИЯ:\r\n\r\nВысокий уровень дохода, с каждой сделки (выплата в день сделки), без потолка по заработной плате;\r\nСовременный новый офис в центре города;\r\nКомпания с сильной корпоративной культурой и известным брендом;\r\nГрафик работы ( с 10 до 18 часов);\r\nВыезды на объекты (показы квартир) на автомобиле с водителем от Компании;\r\nБесплатное обучение, процесс адаптации и вхождения в должность - под контролем опытного наставника\r\nДополнительные мотивационные программы",
    "experience_time": 0,
    "vacancy_category": 1,
    "is_public": true,
    "author": [
      "demetra"
    ],
    "updated_at": "2022-11-25T16:42:27.452Z"
  }
},
{
  "model": "main.vacancy",
  "pk": 2,
  "fields": {
    "name": "Агент по продажам недвижимости/Риэлтор",
    "salary": 1500000,
    "description": "Набираем в свою команду сотрудников на позицию Риэлтор, Менеджер по продажам недвижимости, как с опытом работы в продажах, так и без, как имеющих хороший жизненный опыт, так и начинающих свою карьеру.\r\nМы разработали уникальную программу обучения и адаптации, которая готовит высококлассных специалистов в кратчайшие сроки и позволяет иметь стабильный высокий доход.\r\n\r\nГлавное, чтобы Вы были энергичным и открытым новому, чтобы Вы хотели много работать, зарабатывать и приобретать ценные навыки, чтобы Вы были честным, открытым, ответственным, чтобы общение с людьми было для Вас приятным и простым.\r\n\r\nВ Ваши обязанности будет входить:\r\n\r\nОсуществление продажи недвижимости клиента, оказывая высокий клиентский сервис, подбор предложений для покупателей;\r\n\r\nРабота с входящими обращениями, поиск объектов для клиентов, приобретающих недвижимость.\r\n\r\nПроведение успешных переговоров.\r\n\r\nВыстраивание долгосрочных отношений с клиентом (становитесь для самого клиента, для его семьи и его круга общения, нуждающихся в помощи, незаменимым специалистом-профессионалом по вопросам с недвижимостью).\r\n\r\nПрезентации объектов недвижимости.\r\n\r\nАктивное продвижение объектов для продажи на рекламных площадках, соц. Сетях.\r\n\r\nМониторинг и анализ рынка недвижимости.\r\n\r\nЧто вы приобретаете, сотрудничая с нами:\r\n\r\nОпыт работы в продажах, полная поддержка с выходом на сделки.\r\n\r\nПрофессиональные наработки и знания, накопленные компанией более чем за 10 лет успешной работы на рынке недвижимости в Алматы.\r\n\r\nОпытные наставники, которые поддержат Вас на каждом этапе работы.\r\n\r\nБесплатное обучение.\r\n\r\nЮридическую поддержку (в нашей компании работают высококвалифицированные специалисты с огромным опытом в юридической сфере).\r\n\r\nОборудованное рабочее место.\r\n\r\nКомфортабельные офисы в центре города.\r\n\r\nКарьерный рост до Руководителя отдела продаж или Филиала .\r\n\r\nВеселые корпоративы и мероприятия.\r\n\r\nДружный коллектив, в котором Вы обретете новых друзей !",
    "experience_time": 0,
    "vacancy_category": 1,
    "is_public": true,
    "author": [
      "demetra"
    ],
    "updated_at": "2022-11-25T16:45:07.339Z"
  }
},
{
  "model": "main.vacancy",
  "pk": 3,
  "fields": {
    "name": "Менеджер по продажам",
    "salary": 150000,
    "description": "Менеджер по продажам / агент по недвижимости / риелтор ( продажа и аренда жилой и коммерческой недвижимости)\r\n\r\nНАУЧИМ-интересной и нужной профессии! ПОМОЖЕМ-много и честно зарабатывать! ВОЗЬМЕМ-в нашу команду амбициозных! Займись настоящим делом!\r\n\r\n\r\nЗаписывайся на собеседование!\r\n\r\nВ связи с открытием и развитием филиальной сети, наша компания продолжает набор коммуникабельных, позитивных специалистов по недвижимости с активной жизненной позицией и ориентацией на результат, имеющих желание работать и зарабатывать. Мы приглашаем профессионалов в сфере любой области продаж и тех, кто хочет испытать себя в новой профессии риелтора. Компания предлагает: возможность овладеть высокооплачиваемой профессией риелтора. Средний месячный заработок успешного риелтора в нашей компании от 500 000 тенге в месяц и выше. Предоставляем поддержку индивидуального наставника на этапе обучения, адаптации и стажировки. Отличные возможности для карьерного и профессионального роста внутри компании (франшиза).\r\n\r\nОдни из лучших условий в городе: наши офисы - это офис класса B, расположенные в одних из лучших торговых центров, бизнес-центров города, что дополнительно дает поток клиентов из числа посетителей торговых центров, бизнес-центров. Своевременная зарплата, юридическая и рекламная поддержка, большая внутренняя база данных, совместные сделки, отдельное современное компьютеризированное рабочее место, неограниченный доступ к интернету, мотивированный менеджмент, дружный коллектив!\r\n\r\nВсех кто не риелтор, но мечтает им стать.\r\n\r\nЖдем специалистов и будущих специалистов в сфере недвижимости.\r\n\r\nДля соискателей, не имеющих опыта работы риелтора, но желающих его получить, в нашей компании проводится бесплатное профессиональное обучение, успешным кандидатам гарантируем трудоустройство.\r\n\r\nВ нашей компании Вы сможете стать профессионалом!\r\n\r\nОбязанности:\r\n\r\nпомощь при покупке, продаже, аренде недвижимости;\r\nконсультации;\r\nработа с клиентской базой компании;\r\nвыполнение плана продаж.\r\n​​​​​\r\n\r\nТребования:\r\n\r\nопыт работы не требуется;\r\nкоммуникабельность;\r\nстрессоустойчивость;\r\nнацеленность на результат;\r\nобучаемость;\r\nопрятный внешний вид;\r\nжелание работать и зарабатывать.\r\n​​​​​​\r\n\r\nУсловия:\r\n\r\nкомфортабельный офис вблизи Вашего дома (филиальная сеть в Алматы);\r\nотдельное компьютеризированное рабочее место;\r\nкорпоративное обучение; мотивированный менеджмент;\r\nдружелюбный коллектив;\r\nрекламная и юридическая поддержка;\r\nсоциально-психологическая помощь;\r\nрабочий график с 10:00 до 18:00.\r\nсобеседование проводится по предварительной записи.\r\nДобро пожаловать!",
    "experience_time": 0,
    "vacancy_category": 1,
    "is_public": true,
    "author": [
      "demetra"
    ],
    "updated_at": "2022-11-25T16:47:07.300Z"
  }
},
{
  "model": "main.vacancy",
  "pk": 4,
  "fields": {
    "name": "Руководитель онлайн продаж",
    "salary": 1500000,
    "description": "SULPAK – лидер по продажам бытовой техники и электроники.\r\n\r\nСегодня Sulpak – это около 200 магазинов в Казахстане и Кыргызской Республике.\r\n\r\nМы всегда открыты для профессионалов своего дела.\r\n\r\nНа данный момент мы ищем крутого профессионала в Коммерческий Департамент, с опытом работы с маркетплейсами!\r\n\r\nНа этой позиции Вы будете обеспечивать полноту и ликвидность матрицы SKU\r\n\r\nЕсли Вы:\r\n\r\nИмеете опыт категорийного, маркет-менеджмента или байера в DIY-сегменте на протяжении 2-х и более лет, а опыт категорийным менеджером более 3х и выше лет;\r\nХорошо ориентируетесь в категорийном управлении, ценообразовании и бюджетировании;\r\nЛюбите продажи, как мы\r\nГотовы к крутым вызовам\r\nТо мы будем рады знакомству и сотрудничеству!\r\n\r\nЧто мы предлагаем:\r\n\r\nОформление в соответствии с ТК РК в компании №1 в ретейле бытовой техники и электроники\r\nКонкурентоспособную \"белую\" заработную плату (выплачивается в срок) + бонусы\r\nГрафик 5/2 с 09:00 до 18:00\r\nРаботу в современном комфортном офисе в 10 минутах от м. Жибек Жолы\r\nПросторные помещения, рабочие места, десятки переговорных комнат\r\nМы заботимся о здоровье сотрудников: в офисе есть турники для плодотворного проведения свободного времени\r\nНовогодние подарки детям сотрудников, корпоративные праздники\r\nБесплатную мобильную связь\r\nДружный коллектив и карьерный рост\r\nСтань частью нашей команды!\r\n\r\nТворить историю Sulpak будем вместе!\r\n\r\nЛояльный клиент начинается с тебя!\r\n\r\nSulpakTeam",
    "experience_time": 6,
    "vacancy_category": 1,
    "is_public": true,
    "author": [
      "sulpak"
    ],
    "updated_at": "2022-11-25T16:51:44.065Z"
  }
},
{
  "model": "main.vacancy",
  "pk": 5,
  "fields": {
    "name": "КООП-менеджер",
    "salary": 800000,
    "description": "SULPAK – лидер по продажам бытовой техники и электроники.\r\n\r\nНаш Коммерческий департамент в поисках КООП-менеджера.\r\n\r\nТебе предстоит:\r\n\r\nКонтроль корректного заведения заявок на компенсации в соответствии с нормами и правилами Компании;\r\nКонтроль состояния дебиторской задолженности по компенсациям, своевременно и качественно предоставлять партнёрам документы по итогам завершившихся рекламных активностей (промо акция, брендирование стендов, промо персонал и т.д.) (отчёты, соглашения, счёта, справки, фотоотчёты и т.д.);\r\nКонтроль за разработкой и реализацией договоров и контрактов по рекламированию продукции или услуг.\r\nЧто необходимо:\r\n\r\nОтличное владение Excel, 1С;\r\nНавыки деловой переписки;\r\nОпыт работы на должности Бухгалтера не менее 3х лет;\r\nСоставление и согласование договоров об оказании услуг;\r\nДелопроизводство (Акты выполненных работ, счета-фактуры и т.д).\r\nВ свою очередь мы предлагаем:\r\n\r\nВозможность обучения;\r\nОформление в соответствии с ТК РК в компании №1 в ретейле бытовой техники и электроники;\r\nГрафик 5/2 с 09:00 до 18:00;\r\nРаботу в современном комфортном офисе в 10 минутах от м. Жибек Жолы;\r\nПросторные помещения, рабочие места, десятки переговорных комнат;\r\nНовогодние подарки детям сотрудников, корпоративные праздники;\r\nБесплатную мобильную связь;\r\nДружный коллектив и карьерный рост.\r\nСтань частью нашей команды!\r\n\r\n# Творить историю Sulpak будем вместе!\r\n\r\n# Лояльные клиенты начинаются с тебя!\r\n\r\n# SulpakTeam",
    "experience_time": 3,
    "vacancy_category": 1,
    "is_public": true,
    "author": [
      "sulpak"
    ],
    "updated_at": "2022-11-25T16:52:43.758Z"
  }
},
{
  "model": "main.vacancy",
  "pk": 6,
  "fields": {
    "name": "Специалист по продажам",
    "salary": 500000,
    "description": "Общение для тебя как воздух, помощь людям – твое призвание?\r\n\r\nПрисоединяйся к нашей команде!\r\n\r\nМы предлагаем:\r\n\r\nОфициальную зарплату от 200 000 до 300 000 тг\r\nДоплату за знания от 37 000 до 57 000 тг\r\nБесплатное обучение продажам с нуля\r\nКарьерный рост\r\nЗарабатывай валюту Sulcoin и обменивай на товары\r\nСменный график: 5/2\r\nТебе предстоит:\r\n\r\nОсуществлять консультацию клиентов при выборе товара\r\nПродавать бытовую технику, аксессуары и услуги\r\nУстанавливать ПО и настраивать цифровую технику\r\nОформлять доставку, установку, возврат, обмен товара\r\nВыдавать интернет-заказы\r\nОсуществлять кассовые операции и инкассацию\r\nУчаствовать в инвентаризации\r\nОт тебя необходимы:\r\n\r\nГрамотная речь\r\nЖелание много зарабатывать\r\nЖелание учиться новому\r\nЖелательно опыт работы или образование в сфере IT",
    "experience_time": 1,
    "vacancy_category": 1,
    "is_public": true,
    "author": [
      "sulpak"
    ],
    "updated_at": "2022-11-25T16:53:43.050Z"
  }
},
{
  "model": "main.vacancy",
  "pk": 7,
  "fields": {
    "name": "Backend-разработчик C# (Middle, Senior)",
    "salary": 800000,
    "description": "SULPAK – лидер по продажам бытовой техники и электроники.\r\n\r\nСегодня Sulpak – это около 200 магазинов в городах и поселках Казахстана и Кыргызской Республики.\r\n\r\nНаш IT департамент в поисках опытного WEB Разработчика.\r\n\r\nЕсли ты готов решать по-настоящему сложные задачи, которые, возможно, до тебя не решал никто, обладаешь аналитическими способностями, если тебя не пугают масштабные проекты и профессиональные вызовы – присоединяйся!\r\n\r\nУ нас нет удаленной работы.\r\n\r\nТебе предстоит:\r\n\r\nРазработка новых бекендсервисов, поддержка существующих;\r\nСовместно с командой обновление текущих старых проектов (легаси - .net 4, wcf + WinForms) через создание полностью новых сервисов с переработанной архитектурой и бизнес-процессами.\r\nЧто важно:\r\n\r\nC#:\r\n\r\nПонимание, что такое DI и главное - зачем он нужен.\r\nУмение писать чистый код. Знать, как написать код для того, чтобы им было удобно в дальнейшем пользоваться другим. А так же поддерживать его.\r\nУмение писать по solid. Это подразумевает, что вы можете объяснить для чего он нужен и что делает.\r\nУмение объяснять для чего нужны тесты и как их правильно писать.\r\nУмение найти несколько решений для поставленной задачи и выбрать оптимальное.\r\nЗнание паттернов. Важно уметь правильно применять фабрику.\r\nБазы данных:\r\n\r\nЗнание теории реляционных БД, также можете рассказать отличия не реляционных от реляционных.\r\nСвязи, ключи, ограничения.\r\nУмеете проводить выборку, группировки, соединения.\r\nВы уже давно знаете, как EF может переводить C# в sql.\r\nУмеете работать в EF.\r\nВсе силы в новом проекте бросаются на простоту и модульность с целью облегчить дальнейшую поддержку проекта. Поэтому вам необходимо понимание дизайна программного обеспечения, тестирования.\r\n\r\nВ свою очередь мы предлагаем:\r\n\r\nВозможность обучения;\r\nОформление в соответствии с ТК РК в компании №1 в ретейле бытовой техники и электроники;\r\nГрафик 5/2 с 09:00 до 18:00;\r\nРаботу в современном комфортном офисе в 10 минутах от м. Жибек Жолы;\r\nПросторные помещения, рабочие места, десятки переговорных комнат;\r\nНовогодние подарки детям сотрудников, корпоративные праздники;\r\nБесплатную мобильную связь;\r\nДружный коллектив и карьерный рост.\r\nСтань частью нашей команды!\r\n\r\n# Творить историю Sulpak будем вместе!\r\n\r\n# Лояльные клиенты начинаются с тебя!\r\n\r\n# SulpakTeam",
    "experience_time": 5,
    "vacancy_category": 3,
    "is_public": true,
    "author": [
      "sulpak"
    ],
    "updated_at": "2022-11-25T17:00:45.171Z"
  }
},
{
  "model": "main.vacancy",
  "pk": 8,
  "fields": {
    "name": "Программист 1С",
    "salary": 500000,
    "description": "SULPAK – лидер по продажам бытовой техники и электроники.\r\n\r\nСегодня Sulpak – это 196 магазинов в 103 городах и поселках Казахстана и Кыргызской Республики.\r\n\r\nМы всегда открыты для талантливых и энергичных людей.\r\n\r\nНаш IT департамент в поисках опытного Разработчика 1C.\r\n\r\nЕсли ты готов решать по-настоящему сложные задачи, которые, возможно, до тебя не решал никто, обладаешь аналитическими способностями, если тебя не пугают масштабные проекты и профессиональные вызовы – присоединяйся!\r\n\r\nТебе предстоит:\r\n\r\nРазработка конфигураций под задачи заказчика\r\nПоддержка и консультация пользователей.\r\nЧто важно:\r\n\r\nОпыт работы в разработке 1С 8.x не менее 2-х лет\r\nУмение разбираться в чужом коде\r\nЗнание веб/http-сервисов, XML, JSON.\r\nВ свою очередь мы предлагаем:\r\n\r\nОформление в соответствии с ТК РК в компании №1 в ритейле бытовой техники и электроники\r\nКонкурентоспособную \"белую\" заработную плату (выплачивается в срок) + бонусы\r\nГрафик 5/2 с 09:00 до 18:00\r\nРаботу в современном комфортном офисе в 10 минутах от м. Жибек Жолы\r\nПросторные помещения, рабочие места, десятки переговорных комнат\r\nМы заботимся о здоровье сотрудников: в офисе есть турники для плодотворного проведения свободного времени\r\nНовогодние подарки детям сотрудников, корпоративные праздники\r\nБесплатную мобильную связь\r\nДружный коллектив и карьерный рост\r\nСтань частью нашей команды!\r\n\r\n# Творить историю Sulpak будем вместе!\r\n\r\n# Лояльный клиент начинается с тебя!\r\n\r\n# SulpakTeam",
    "experience_time": 4,
    "vacancy_category": 3,
    "is_public": true,
    "author": [
      "sulpak"
    ],
    "updated_at": "2022-11-25T17:01:44.517Z"
  }
},
{
  "model": "main.vacancy",
  "pk": 9,
  "fields": {
    "name": "Продавец-кассир, г. Алматы (ТД \"Mercur\")",
    "salary": 150000,
    "description": "Общение для тебя как воздух, помощь людям – твое призвание?\r\n\r\nПрисоединяйся к нашей команде!\r\n\r\nМы предлагаем:\r\n\r\nОфициальную зарплату от 150 000 тг\r\nДоплату за знания от 37 000 до 57 000 тг\r\nБесплатное обучение продажам с нуля\r\nКарьерный рост\r\nЗарабатывай валюту Sulcoin и обменивай на товары\r\nСменный график: 5/2\r\nТебе предстоит:\r\n\r\nОсуществлять консультацию клиентов при выборе товара\r\nПродавать бытовую технику, аксессуары и услуги\r\nУстанавливать ПО и настраивать цифровую технику\r\nОформлять доставку, установку, возврат, обмен товара\r\nВыдавать интернет-заказы\r\nОсуществлять кассовые операции и инкассацию\r\nУчаствовать в инвентаризации\r\nОт тебя необходимы:\r\n\r\nГрамотная речь\r\nЖелание много зарабатывать\r\nЖелание учиться новому\r\nЖелательно опыт работы или образование в сфере IT",
    "experience_time": 1,
    "vacancy_category": 1,
    "is_public": true,
    "author": [
      "sulpak"
    ],
    "updated_at": "2022-11-25T17:02:45.551Z"
  }
},
{
  "model": "main.vacancy",
  "pk": 10,
  "fields": {
    "name": "Водитель-курьер на личном автотранспорте",
    "salary": 400000,
    "description": "Мы предлагаем Вам интересную, ответственную работу в международной компании СДЭК.\r\nРабота на личном легковом автотранспорте.\r\nПолная занятость, полный день.\r\n\r\nОбязанности:\r\n\r\nДоставлять малогабаритные заказы, посылки, документы от склада до клиента, забирать отправления у клиентов.\r\nЕздить по маршруту (закреплен квадрат улиц), работа с мобильным приложением.\r\nПрием денежных средств, наличными или через Каспи пэй.\r\nТребования:\r\n\r\nЛюбой легковой автомобиль.\r\nЗнание города.\r\nОтветственный подход к работе.\r\nОпыт работы курьером приветствуется.\r\nУсловия:\r\n\r\nПятидневка с 09.00 -18.00, дежурства\r\nКомпенсация ГСМ\r\nСвоевременная заработная плата",
    "experience_time": 1,
    "vacancy_category": 4,
    "is_public": true,
    "author": [
      "sdek"
    ],
    "updated_at": "2022-11-25T17:06:47.167Z"
  }
},
{
  "model": "main.vacancy",
  "pk": 11,
  "fields": {
    "name": "Водитель-курьер со своей газелью",
    "salary": 200000,
    "description": "Требования:\r\n\r\n- Личный авто , минимальные габариты - высота 1,7м, длина 4,20 и более\r\n\r\n- Опыт работы в перевозках приветствуется\r\n\r\nУсловия работы:\r\n\r\nШестидневка. С 9.00 до 18.00 пн-пт, суббота или воскресенье - дежурный день.\r\n\r\nГСМ компенсируется - талоны 20л бензин АИ-92 ежедневно, сотовая связь компенсируется.\r\n\r\nРабота в черте города Алматы, по одному из трех маршрутов.\r\n\r\nОбязанности: Развозить посылки по нашим отделениям ПВЗ, вместе с грузчиком. Забор груза с ПВЗ.",
    "experience_time": 2,
    "vacancy_category": 4,
    "is_public": true,
    "author": [
      "sdek"
    ],
    "updated_at": "2022-11-25T17:07:31.849Z"
  }
},
{
  "model": "main.vacancy",
  "pk": 12,
  "fields": {
    "name": "Менеджер по продажам",
    "salary": 500000,
    "description": "Менеджер по продажам услуг\r\n\r\nЕсли продажи - твоя стихия, ты добился отличных результатов в работе - направляй своё резюме, расскажи о своих достижениях!\r\n\r\nОбязанности:\r\n\r\nЗаниматься активным поиском новых клиентов и продавать услуги компании СДЭК;\r\nПроводить переговоры о сотрудничестве с клиентами, готовить коммерческие предложения и выстраивать долгосрочные отношения с организациями;\r\nОказывать информационную поддержку корпоративным клиентам;\r\nЗаключать сделки и радоваться, что у бонусов нет потолка!\r\nУсловия:\r\n\r\nЕжемесячный доход: фиксированный оклад на руки 120 000 + премии+ % от продаж. Средний доход 200 000 -500 000 тенге (выплаты два раза в месяц).\r\nСтабильный график. Пятидневная рабочая неделя с 9 до 18, в субботу, воскресенье и государственные праздники - отдыхаем.\r\nУ нас есть внутренний университет, включающий программы повышения квалификации по техникам переговоров, тренинги по продажам и менеджменту, английский и китайский языки и многое другое!\r\nМотивационные программы и конкурсы, награждение лучших менеджеров, различные корпоративные проекты с крутыми призами - гаджеты, путешествия по миру и т.п.\r\nРабота у нас – это возможность для вас начать карьеру в продажах с хорошими перспективами карьерного роста\r\nЕсли у тебя есть опыт продаж в аналогичной сфере, готовы предложить индивидуальные условия работы!\r\nОфис продаж: ул. Руставели, 3\r\nТребования:\r\n\r\nСамое главное это умение без страха продавать по телефону, нам нужен человек, который уверенно чувствует себя в продажах и может поддержать разговор с клиентом, а не зачитывать скрипт голосом робота;\r\nДержать высокий темп работы – в среднем наш менеджер совершает 30-50 звонков в день.\r\nУметь вести переговоры и договариваться.\r\nХотеть учиться и развиваться в сфере В2В продаж\r\nПреимуществом будет опыт работы с клиентами, в логистике или с юридическими лицами.",
    "experience_time": 3,
    "vacancy_category": 1,
    "is_public": true,
    "author": [
      "sdek"
    ],
    "updated_at": "2022-11-25T17:21:48.175Z"
  }
},
{
  "model": "main.vacancy",
  "pk": 13,
  "fields": {
    "name": "Специалист по продажам инженерных систем и оборудования",
    "salary": 500000,
    "description": "Мы приглашаем энергичных, амбициозных, решительных и общительных кандидатов стать частью нашей команды!\r\nЕсли вы:\r\nЗнаете, как выявить потребности клиента и получить целевой запрос;\r\nНе можете остановиться, пока не доведёте заказчика от первого звонка до контракта;\r\nОбожаете общаться с людьми и вести презентации;\r\nУмеете и любите поддерживать постоянный контакт с существующими клиентами;\r\nИмеете собственные соображения в области повышения эффективности процесса продаж.\r\nМы готовы помочь вам упорядочить ваши фундаментальные знания в области энергетики, гидравлики, электротехники и механики, предоставить возможность работы с дорогостоящими высокотехнологичными продуктами ведущих мировых производителей, а также наш колоссальный опыт, сформированный на крупных и значимых проектах, ну и, конечно, включить вас в команду с одной из лучших экспертиз на рынке в области инженерных систем.\r\n\r\nОбязанности:\r\n\r\nЗаключение договоров и выполнение плана продаж;\r\nОпределение стратегии по ведению и обработке клиента;\r\nПодготовка и проведение презентаций продукта самым блестящим образом;\r\nДемонстрация высокого качества ведения переговоров с клиентами;\r\nДоведение до положительного результата процесса продаж;\r\nА также:\r\nПоиск целевых контактных лиц\r\nВыполнение \"холодных\" звонков\r\nГенерации «лидов»;\r\nПроведение аналитической работы в процессе продаж;\r\nРабота в CRM: ведение истории продаж, составление тактических планов продаж, сбор и систематизация информации по клиентам;\r\nСоставление отчетов по переговорам, встречам;\r\nТребования к кандидатам:\r\n\r\nВысшее техническое образование или высшее образование в области естественных наук;\r\nУспешный опыт привлечения клиентов и владение техниками продаж;\r\nУверенное владение пакетом программ Microsoft Office (Excel, Word, Powerpoint);\r\nОтличные коммуникативные навыки (Грамотная письменная и устная речь, четкая дикция);\r\nКреативность;\r\nУмение работать с большим объемом информации;\r\nПозитивность и дружелюбие, умение сотрудничать с командой;\r\nОриентация на результат, способность работать самостоятельно, высокая внутренняя мотивация к работе, способность демонстрировать высокие результаты;\r\nВысокий уровень ответственности\r\nУсловия работы:\r\n\r\nОформление по ТК РК\r\n5/2, с 8-30 до 17-30\r\nДвухнедельный адаптационный период (фундаментальное начальное обучение)\r\nИспытательный срок 3 месяца\r\nЗаработная плата: оклад + % бонусы (размер оклада определяется по итогам собеседования и зависит от начальных навыков и знаний кандидата)\r\nОплата ГСМ\r\nКорпоративное обучение\r\nПерспективы карьерного роста",
    "experience_time": 4,
    "vacancy_category": 1,
    "is_public": true,
    "author": [
      "amperel"
    ],
    "updated_at": "2022-11-25T17:36:33.619Z"
  }
},
{
  "model": "main.vacancy",
  "pk": 14,
  "fields": {
    "name": "Инженер по техническому надзору",
    "salary": 450000,
    "description": "«Амперэль» - интегратор инженерных систем с 2009 года.\r\nМы уделяем самое пристальное внимание личностным качествам членов нашей команды. Обеспечивая постоянный процесс обучения, мы развиваем творческий и интеллектуальный потенциал каждого из них. Каждый член нашей команды – не просто сотрудник, это - единомышленник.\r\nЕсли вы неравнодушный и активный человек, принимающий ответственность за результат и желающий работать в атмосфере сотрудничества и постоянного развития, то мы ждем вас.\r\nПриглашаем на работу Инженера по техническому надзору:\r\n\r\nЕсли Вы, являетесь обладателем следующих знаний и навыков:\r\n\r\nНавыки ведение и координирование проектов на объектах;\r\nУправление сроками выполнения работ;\r\nУправление субподрядными организациями;\r\nУправление поставками оборудования и ходом строительно-монтажных работ;\r\nУправление конфликтами;\r\nНавыки компоновки центров обработки данных;\r\nОбщие знания в области гидравлики и термодинамики;\r\nЗнание принципов построения локальных вычислительных сетей;\r\nЗнание принципов проектирования;\r\nСвободное чтение схем и чертежей;\r\nОбразование высшее строительное, техническое или архитектурное;\r\nГрамотная устная и письменная речь;\r\nРазвитые коммуникативные навыки;\r\nОтличное владение ПК на уровне пользователя MS Office (Word, Excel, Visio, Project), AutoCad или аналоги.\r\nА еще любите вызовы и сложные задачи, мы с радостью ждем Ваших резюме!\r\n\r\nОсновные задачи\r\n\r\nОбеспечение выполнения проектов в установленном объеме, в рамках заданной стоимости, в согласованные сроки, с требуемым уровнем качества;\r\nДолжностные обязанности\r\n\r\nОбеспечение исполнения проектов;\r\nОрганизация заказа и закупа оборудования и материалов;\r\nОбеспечение реализации проекта в рамках заданного бюджета;\r\nКонтроль сроков поставки оборудования и материалов на объект;\r\nКонтроль за обеспечением сохранности оборудования и материалов на объекте;\r\nКонтроль выполненных работ субподрядчиками;\r\nПодготовка промежуточных и итоговых отчетов (сроки, объемы, бюджет);\r\nСогласование производства работ;\r\nОтработка рекламаций;\r\nОбеспечение подписания и возврата документов;\r\nВзаимодействие с субподрядчиками;\r\nОрганизация доступа на объекте;\r\nОбеспечение соблюдения техники безопасности на объекте;\r\nВывоз и учет остатков и оборудования;\r\nУчастие в согласовании изменений в проекте;\r\nУчастие в согласовании исполнительной документации.\r\nУсловия работы:\r\n\r\nМы предлагаем Вам процент от реализованных проектов;\r\nБудем рады поделиться своим опытом и посодействовать Вашему профессиональному росту;\r\nСтабильная выплата заработной платы;\r\nОбязательный недельный адаптационный период (обучение всем продуктам и процессам в компании);\r\nИспытательный срок 3 месяца (при отличных результатах может быть сокращен);\r\n5/2 с 8.30 до 17.30;\r\nОформление согласно ТК РК, оплачиваемый отпуск, больничный.",
    "experience_time": 5,
    "vacancy_category": 7,
    "is_public": true,
    "author": [
      "amperel"
    ],
    "updated_at": "2022-11-25T17:37:53.348Z"
  }
},
{
  "model": "main.vacancy",
  "pk": 15,
  "fields": {
    "name": "Главный специалист Отдела по работе с юридическими лицами",
    "salary": 800000,
    "description": "Обязанности:\r\nНаписание проектов по кредитованию МСБ\r\nЗащита проектов на Кредитном комитете\r\nПосткредитное обслуживание\r\nОбразование высшее\r\nТребования:\r\n\r\nне менее 1-го года в кредитовании МСБ\r\nзнание МСФО\r\nзнание финансового анализа\r\nзнание компьютера (excel, word)\r\nУсловия:\r\nоформление согласно трудовому кодексу РК\r\nоклад плюс система премий по результатам работы (ежемесячная, ежеквартальная и годовая премии)\r\nмедицинская страховка от компании после испытательного срока\r\nкорпоративное обучение\r\nпрофессиональный и карьерный рост\r\nяркая и насыщенная корпоративная жизнь (праздники, спортивные мероприятия, конкурсы)",
    "experience_time": 5,
    "vacancy_category": 8,
    "is_public": true,
    "author": [
      "rbk"
    ],
    "updated_at": "2022-11-25T17:43:49.398Z"
  }
},
{
  "model": "main.vacancy",
  "pk": 16,
  "fields": {
    "name": "Менеджер Управления кредитного администрирования проектов Филиальной сети",
    "salary": 450000,
    "description": "Менеджер Управления кредитного администрирования проектов Филиальной сети по г.Шымкент\r\n\r\nЛокация в г.Алматы\r\n\r\nОбязанности:\r\n\r\nОбеспечивать своевременность передачи оригиналов Договоров, правоустанавливающих, идентификационных и иных документов на хранение в хранилище Головного офиса/Филиальной сети Банка в соответствии с требованиями, предусмотренными внутренними нормативными документами Банка;\r\nКонтролировать своевременность возврата и передачу в хранилище оригиналов документов, переданных структурным подразделениям Банка/клиентам/уполномоченным государственным органам в соответствии с решениями уполномоченных органов Банка/запросов соответствующих подразделений Банка;\r\nКонтролировать своевременность возврата кредитных досье, переданных структурным подразделениям Банка/уполномоченным государственным органам в соответствии с решениями уполномоченных органов Банка/запросов соответствующих подразделений Банка;\r\nОбеспечивать качественное и своевременное исполнение поступающей корреспонденции;\r\nОбеспечивать передачу кредитных досье в архив Банка в соответствии с внутренними нормативными документами Банка при полном исполнении клиентом обязательств перед Банком;\r\nТребования:\r\nВысшее экономическое/финансовое/техническое образование\r\nНавыки пользования Windows 2000/NT/XP, Microsoft Word/Excel/PowerPoint/Paint, «Outlook»\r\nСтаж работы не менее 1 (одного) года в банковской и/или иной сфере - желательно\r\nУсловия:\r\nОформление согласно трудовому кодексу РК\r\nОклад плюс система премий по результатам работы (ежемесячная, ежеквартальная и годовая премии)\r\nМедицинская страховка после испытательного срока\r\nКорпоративное обучение\r\nПрофессиональный и карьерный рост\r\nЯркая и насыщенная корпоративная жизнь (праздники, спортивные мероприятия, конкурсы)",
    "experience_time": 5,
    "vacancy_category": 8,
    "is_public": true,
    "author": [
      "rbk"
    ],
    "updated_at": "2022-11-25T17:44:43.340Z"
  }
},
{
  "model": "main.response",
  "pk": 1,
  "fields": {
    "vacancy": 16,
    "author": [
      "root"
    ],
    "resume": 1,
    "created_at": "2022-11-25T17:56:39.685Z"
  }
},
{
  "model": "main.response",
  "pk": 2,
  "fields": {
    "vacancy": 15,
    "author": [
      "root"
    ],
    "resume": 1,
    "created_at": "2022-11-25T18:00:15.289Z"
  }
},
{
  "model": "main.response",
  "pk": 3,
  "fields": {
    "vacancy": 15,
    "author": [
      "root"
    ],
    "resume": 1,
    "created_at": "2022-11-25T18:16:53.014Z"
  }
},
{
  "model": "main.response",
  "pk": 4,
  "fields": {
    "vacancy": 12,
    "author": [
      "root"
    ],
    "resume": 1,
    "created_at": "2022-11-25T18:19:19.946Z"
  }
},
{
  "model": "main.response",
  "pk": 5,
  "fields": {
    "vacancy": 9,
    "author": [
      "root"
    ],
    "resume": 1,
    "created_at": "2022-11-25T18:20:42.181Z"
  }
},
{
  "model": "main.response",
  "pk": 6,
  "fields": {
    "vacancy": 8,
    "author": [
      "root"
    ],
    "resume": 1,
    "created_at": "2022-11-25T18:21:32.754Z"
  }
},
{
  "model": "main.response",
  "pk": 7,
  "fields": {
    "vacancy": 16,
    "author": [
      "petrov"
    ],
    "resume": 4,
    "created_at": "2022-11-25T18:46:26.079Z"
  }
},
{
  "model": "main.response",
  "pk": 8,
  "fields": {
    "vacancy": 15,
    "author": [
      "user11"
    ],
    "resume": 5,
    "created_at": "2022-11-25T19:37:10.123Z"
  }
},
{
  "model": "main.response",
  "pk": 9,
  "fields": {
    "vacancy": 12,
    "author": [
      "user11"
    ],
    "resume": 5,
    "created_at": "2022-11-25T19:45:45.960Z"
  }
},
{
  "model": "main.response",
  "pk": 10,
  "fields": {
    "vacancy": 16,
    "author": [
      "rbk"
    ],
    "resume": 4,
    "created_at": "2022-11-25T19:50:22.240Z"
  }
},
{
  "model": "main.message",
  "pk": 1,
  "fields": {
    "response": 1,
    "author": [
      "user_1"
    ],
    "text": "Добрый день, рассмотрите резюме",
    "created_at": "2022-11-25T17:56:39.691Z"
  }
},
{
  "model": "main.message",
  "pk": 2,
  "fields": {
    "response": 2,
    "author": [
      "user_1"
    ],
    "text": "Добрый лень",
    "created_at": "2022-11-25T18:00:15.295Z"
  }
},
{
  "model": "main.message",
  "pk": 3,
  "fields": {
    "response": 3,
    "author": [
      "rbk"
    ],
    "text": "Предлагаем работу",
    "created_at": "2022-11-25T18:16:53.024Z"
  }
},
{
  "model": "main.message",
  "pk": 4,
  "fields": {
    "response": 4,
    "author": [
      "user_1"
    ],
    "text": "Добрый день, рассмотрите резюме",
    "created_at": "2022-11-25T18:19:20.801Z"
  }
},
{
  "model": "main.message",
  "pk": 5,
  "fields": {
    "response": 5,
    "author": [
      "user_1"
    ],
    "text": "Добрый день, рассмотрите резюме",
    "created_at": "2022-11-25T18:20:42.190Z"
  }
},
{
  "model": "main.message",
  "pk": 6,
  "fields": {
    "response": 6,
    "author": [
      "user_1"
    ],
    "text": "Добрый день, рассмотрите резюме",
    "created_at": "2022-11-25T18:21:32.764Z"
  }
},
{
  "model": "main.message",
  "pk": 7,
  "fields": {
    "response": 7,
    "author": [
      "petrov"
    ],
    "text": "Добрый день",
    "created_at": "2022-11-25T18:46:26.079Z"
  }
},
{
  "model": "main.message",
  "pk": 8,
  "fields": {
    "response": 1,
    "author": [
      "rbk"
    ],
    "text": "Ok",
    "created_at": "2022-11-25T19:29:43.589Z"
  }
},
{
  "model": "main.message",
  "pk": 9,
  "fields": {
    "response": 3,
    "author": [
      "user_1"
    ],
    "text": "Ok",
    "created_at": "2022-11-25T19:30:41.708Z"
  }
},
{
  "model": "main.message",
  "pk": 10,
  "fields": {
    "response": 8,
    "author": [
      "user11"
    ],
    "text": "Рассмотрите меня",
    "created_at": "2022-11-25T19:37:10.129Z"
  }
},
{
  "model": "main.message",
  "pk": 11,
  "fields": {
    "response": 8,
    "author": [
      "user11"
    ],
    "text": "Пожалуйста",
    "created_at": "2022-11-25T19:45:29.497Z"
  }
},
{
  "model": "main.message",
  "pk": 12,
  "fields": {
    "response": 9,
    "author": [
      "user11"
    ],
    "text": "Добрый день, рассмотрите резюме",
    "created_at": "2022-11-25T19:45:45.964Z"
  }
},
{
  "model": "main.message",
  "pk": 13,
  "fields": {
    "response": 9,
    "author": [
      "user11"
    ],
    "text": "Нуже",
    "created_at": "2022-11-25T19:45:52.378Z"
  }
},
{
  "model": "main.message",
  "pk": 14,
  "fields": {
    "response": 8,
    "author": [
      "rbk"
    ],
    "text": "Добро пожаловать",
    "created_at": "2022-11-25T19:48:39.780Z"
  }
},
{
  "model": "main.message",
  "pk": 15,
  "fields": {
    "response": 10,
    "author": [
      "rbk"
    ],
    "text": "Пойдете к нам?",
    "created_at": "2022-11-25T19:50:22.245Z"
  }
},
{
  "model": "admin.logentry",
  "pk": 1,
  "fields": {
    "action_time": "2022-11-25T16:34:41.754Z",
    "user": [
      "root"
    ],
    "content_type": [
      "accounts",
      "role"
    ],
    "object_id": "1",
    "object_repr": "работодатель",
    "action_flag": 1,
    "change_message": "[{\"added\": {}}]"
  }
},
{
  "model": "admin.logentry",
  "pk": 2,
  "fields": {
    "action_time": "2022-11-25T16:34:47.867Z",
    "user": [
      "root"
    ],
    "content_type": [
      "accounts",
      "role"
    ],
    "object_id": "2",
    "object_repr": "соискатель",
    "action_flag": 1,
    "change_message": "[{\"added\": {}}]"
  }
},
{
  "model": "admin.logentry",
  "pk": 3,
  "fields": {
    "action_time": "2022-11-25T16:40:25.266Z",
    "user": [
      "root"
    ],
    "content_type": [
      "main",
      "vacancycategory"
    ],
    "object_id": "1",
    "object_repr": "продажи",
    "action_flag": 1,
    "change_message": "[{\"added\": {}}]"
  }
},
{
  "model": "admin.logentry",
  "pk": 4,
  "fields": {
    "action_time": "2022-11-25T16:40:32.466Z",
    "user": [
      "root"
    ],
    "content_type": [
      "main",
      "vacancycategory"
    ],
    "object_id": "2",
    "object_repr": "другое",
    "action_flag": 1,
    "change_message": "[{\"added\": {}}]"
  }
},
{
  "model": "admin.logentry",
  "pk": 5,
  "fields": {
    "action_time": "2022-11-25T16:40:45.578Z",
    "user": [
      "root"
    ],
    "content_type": [
      "main",
      "vacancycategory"
    ],
    "object_id": "3",
    "object_repr": "программирование",
    "action_flag": 1,
    "change_message": "[{\"added\": {}}]"
  }
},
{
  "model": "admin.logentry",
  "pk": 6,
  "fields": {
    "action_time": "2022-11-25T16:40:50.548Z",
    "user": [
      "root"
    ],
    "content_type": [
      "main",
      "vacancycategory"
    ],
    "object_id": "4",
    "object_repr": "доставка",
    "action_flag": 1,
    "change_message": "[{\"added\": {}}]"
  }
},
{
  "model": "admin.logentry",
  "pk": 7,
  "fields": {
    "action_time": "2022-11-25T16:41:05.255Z",
    "user": [
      "root"
    ],
    "content_type": [
      "main",
      "vacancycategory"
    ],
    "object_id": "5",
    "object_repr": "клининг",
    "action_flag": 1,
    "change_message": "[{\"added\": {}}]"
  }
},
{
  "model": "admin.logentry",
  "pk": 8,
  "fields": {
    "action_time": "2022-11-25T16:41:10.197Z",
    "user": [
      "root"
    ],
    "content_type": [
      "main",
      "vacancycategory"
    ],
    "object_id": "6",
    "object_repr": "общепит",
    "action_flag": 1,
    "change_message": "[{\"added\": {}}]"
  }
},
{
  "model": "admin.logentry",
  "pk": 9,
  "fields": {
    "action_time": "2022-11-25T16:41:14.991Z",
    "user": [
      "root"
    ],
    "content_type": [
      "main",
      "vacancycategory"
    ],
    "object_id": "7",
    "object_repr": "строительство",
    "action_flag": 1,
    "change_message": "[{\"added\": {}}]"
  }
},
{
  "model": "admin.logentry",
  "pk": 10,
  "fields": {
    "action_time": "2022-11-25T16:41:24.735Z",
    "user": [
      "root"
    ],
    "content_type": [
      "main",
      "vacancycategory"
    ],
    "object_id": "8",
    "object_repr": "банковская сфера",
    "action_flag": 1,
    "change_message": "[{\"added\": {}}]"
  }
},
{
  "model": "admin.logentry",
  "pk": 11,
  "fields": {
    "action_time": "2022-11-25T16:41:36.642Z",
    "user": [
      "root"
    ],
    "content_type": [
      "main",
      "vacancycategory"
    ],
    "object_id": "9",
    "object_repr": "связь",
    "action_flag": 1,
    "change_message": "[{\"added\": {}}]"
  }
}
]
